voter,book,top100
Maggie O’Farrell,The Color Purple,TRUE
Maggie O’Farrell,Jane Eyre,TRUE
Maggie O’Farrell,Ulysses,TRUE
Maggie O’Farrell,David Copperfield,TRUE
Freya Johnston,Anna Karenina,TRUE
Freya Johnston,Madame Bovary,TRUE
Freya Johnston,Middlemarch,TRUE
Freya Johnston,Persuasion,TRUE
Freya Johnston,David Copperfield,TRUE
Meg Rosoff,Catch-22,TRUE
Meg Rosoff,Wolf Hall,TRUE
Meg Rosoff,Pride and Prejudice,TRUE
Meg Rosoff,Nineteen Eighty-Four,TRUE
Merve Emre,Middlemarch,TRUE
Merve Emre,Lolita,TRUE
Merve Emre,Housekeeping,TRUE
Merve Emre,Beloved,TRUE
Merve Emre,Ulysses,TRUE
Merve Emre,To the Lighthouse,TRUE
Merve Emre,The Portrait of a Lady,TRUE
Merve Emre,Invisible Man,TRUE
Merve Emre,The Sound and the Fury,TRUE
Hermione Lee,To the Lighthouse,TRUE
Hermione Lee,My Ántonia,TRUE
Hermione Lee,The Portrait of a Lady,TRUE
Jon Day,Ulysses,TRUE
Jon Day,The Remains of the Day,TRUE
Jon Day,Nervous Conditions,TRUE
Jon Day,Bleak House,TRUE
Jon Day,To the Lighthouse,TRUE
Amanda Craig,Anna Karenina,TRUE
Amanda Craig,Great Expectations,TRUE
Amanda Craig,Persuasion,TRUE
Amanda Craig,A Fine Balance,TRUE
Amanda Craig,Vanity Fair,TRUE
Amanda Craig,The Great Gatsby,TRUE
Amanda Craig,The Left Hand of Darkness,TRUE
Tanjll Rashid,The Trial,TRUE
Tanjll Rashid,Moby-Dick,TRUE
Tanjll Rashid,The Leopard,TRUE
Tanjll Rashid,Midnight's Children,TRUE
Alberto Manguel,Don Quixote,TRUE
Alberto Manguel,Moby-Dick,TRUE
Alberto Manguel,Ulysses,TRUE
Alberto Manguel,One Hundred Years of Solitude,TRUE
Alberto Manguel,Nineteen Eighty-Four,TRUE
Alberto Manguel,Frankenstein,TRUE
Alberto Manguel,The Metamorphosis,TRUE
Kit de Waal,The Remains of the Day,TRUE
Kit de Waal,Madame Bovary,TRUE
Kit de Waal,Great Expectations,TRUE
Kit de Waal,The End of the Affair,TRUE
Kit de Waal,Jane Eyre,TRUE
Kit de Waal,Beloved,TRUE
Kit de Waal,The Road,TRUE
Sarah Moss,Middlemarch,TRUE
Sarah Moss,Jane Eyre,TRUE
Sarah Moss,Mrs Dalloway,TRUE
Sarah Moss,Wolf Hall,TRUE
Sarah Moss,Persuasion,TRUE
Eimear McBride,Ulysses,TRUE
Eimear McBride,Crime and Punishment,TRUE
Eimear McBride,Middlemarch,TRUE
Eimear McBride,In Search of Lost Time,TRUE
Eimear McBride,Wuthering Heights,TRUE
Eimear McBride,The Magic Mountain,TRUE
Eimear McBride,To the Lighthouse,TRUE
Eimear McBride,Anna Karenina,TRUE
Eimear McBride,Nineteen Eighty-Four,TRUE
Eimear McBride,Moby-Dick,TRUE
Imogen Russell Williams,Kindred,TRUE
Imogen Russell Williams,Jane Eyre,TRUE
Imogen Russell Williams,Beloved,TRUE
John Boyne,Wuthering Heights,TRUE
John Boyne,David Copperfield,TRUE
John Boyne,Howards End,TRUE
Nina Allan,Austerlitz,TRUE
Nina Allan,Wuthering Heights,TRUE
Nina Allan,Pale Fire,TRUE
Nina Allan,The Talented Mr Ripley,TRUE
Salman Rushdie,Ulysses,TRUE
Salman Rushdie,In Search of Lost Time,TRUE
Salman Rushdie,The Trial,TRUE
Salman Rushdie,One Hundred Years of Solitude,TRUE
Salman Rushdie,Beloved,TRUE
Salman Rushdie,Don Quixote,TRUE
Salman Rushdie,Great Expectations,TRUE
Salman Rushdie,The Master and Margarita,TRUE
Salman Rushdie,The Age of Innocence,TRUE
Nikesh Shukla,Their Eyes Were Watching God,TRUE
Yael van der Wouden,Pride and Prejudice,TRUE
Yael van der Wouden,Kindred,TRUE
Yael van der Wouden,Beloved,TRUE
Benjamin Myers,Giovanni's Room,TRUE
Sam Leith,Middlemarch,TRUE
Sam Leith,Heart of Darkness,TRUE
Sam Leith,The Portrait of a Lady,TRUE
Sam Leith,The End of the Affair,TRUE
Sam Leith,"The Life and Opinions of Tristram Shandy, Gentleman",TRUE
Sam Leith,The Great Gatsby,TRUE
Sam Leith,Moby-Dick,TRUE
Sam Leith,Lolita,TRUE
Sandra Newman,"The Life and Opinions of Tristram Shandy, Gentleman",TRUE
Sandra Newman,Middlemarch,TRUE
Sandra Newman,Mrs Dalloway,TRUE
Sandra Newman,Invisible Man,TRUE
Sandra Newman,Wolf Hall,TRUE
Sandra Newman,The Age of Innocence,TRUE
Chris Power,Moby-Dick,TRUE
Chris Power,Middlemarch,TRUE
Chris Power,The Brothers Karamazov,TRUE
Chris Power,Ulysses,TRUE
Chris Power,War and Peace,TRUE
Chris Power,To the Lighthouse,TRUE
Chris Power,In Search of Lost Time,TRUE
Chris Power,Jude the Obscure,TRUE
John Self,The Remains of the Day,TRUE
John Self,Mrs Dalloway,TRUE
John Self,Invisible Cities,TRUE
John Self,The Prime of Miss Jean Brodie,TRUE
Shahidha Bari,Wuthering Heights,TRUE
Shahidha Bari,Our Mutual Friend,TRUE
Shahidha Bari,Midnight's Children,TRUE
Shahidha Bari,Go Tell It on the Mountain,TRUE
Shahidha Bari,Persuasion,TRUE
Shahidha Bari,To the Lighthouse,TRUE
Esi Edugyan,Pride and Prejudice,TRUE
Esi Edugyan,Middlemarch,TRUE
Esi Edugyan,Nineteen Eighty-Four,TRUE
Esi Edugyan,Beloved,TRUE
Esi Edugyan,Blood Meridian,TRUE
Esi Edugyan,The Transit of Venus,TRUE
Juan Gabriel Vasquez,Don Quixote,TRUE
Juan Gabriel Vasquez,One Hundred Years of Solitude,TRUE
Juan Gabriel Vasquez,Madame Bovary,TRUE
Juan Gabriel Vasquez,Anna Karenina,TRUE
Juan Gabriel Vasquez,Heart of Darkness,TRUE
Juan Gabriel Vasquez,In Search of Lost Time,TRUE
Juan Gabriel Vasquez,To the Lighthouse,TRUE
Juan Gabriel Vasquez,Crime and Punishment,TRUE
Fiona Sturges,Beloved,TRUE
Fiona Sturges,Wolf Hall,TRUE
Fiona Sturges,Jane Eyre,TRUE
Fiona Sturges,The Prime of Miss Jean Brodie,TRUE
Fiona Sturges,The Handmaid's Tale,TRUE
Rishi Dastidar,Anna Karenina,TRUE
Rishi Dastidar,Middlemarch,TRUE
Rishi Dastidar,Vanity Fair,TRUE
Rishi Dastidar,"The Life and Opinions of Tristram Shandy, Gentleman",TRUE
Rishi Dastidar,Midnight's Children,TRUE
Jude Cook,Mansfield Park,TRUE
Jude Cook,Bleak House,TRUE
Jude Cook,Vanity Fair,TRUE
Jude Cook,The Return of the Native,TRUE
Jude Cook,The Age of Innocence,TRUE
Jude Cook,The Waves,TRUE
Jude Cook,Beloved,TRUE
Pratinav Anil,In Search of Lost Time,TRUE
Pratinav Anil,The Portrait of a Lady,TRUE
Pratinav Anil,The Magic Mountain,TRUE
Yan Lianke,Don Quixote,TRUE
Yan Lianke,War and Peace,TRUE
Yan Lianke,The Brothers Karamazov,TRUE
Yan Lianke,Madame Bovary,TRUE
Yan Lianke,Ulysses,TRUE
Yan Lianke,Pedro Páramo,TRUE
Yan Lianke,In Search of Lost Time,TRUE
Yan Lianke,Pride and Prejudice,TRUE
Chloe Aridjis,Don Quixote,TRUE
Chloe Aridjis,In Search of Lost Time,TRUE
Chloe Aridjis,The Magic Mountain,TRUE
Chloe Aridjis,The Metamorphosis,TRUE
Chloe Aridjis,Heart of Darkness,TRUE
Chloe Aridjis,Frankenstein,TRUE
Chloe Aridjis,Moby-Dick,TRUE
Chloe Aridjis,The Brothers Karamazov,TRUE
Chloe Aridjis,Middlemarch,TRUE
Nadifa Mohamed,Beloved,TRUE
Nadifa Mohamed,A Fine Balance,TRUE
Nadifa Mohamed,Wide Sargasso Sea,TRUE
Nadifa Mohamed,The God of Small Things,TRUE
Sarah Churchwell,The Great Gatsby,TRUE
Sarah Churchwell,Jane Eyre,TRUE
Sarah Churchwell,Pride and Prejudice,TRUE
Sarah Churchwell,The Portrait of a Lady,TRUE
Sarah Churchwell,Wuthering Heights,TRUE
Sarah Churchwell,Emma,TRUE
Sarah Churchwell,David Copperfield,TRUE
Sarah Churchwell,Moby-Dick,TRUE
Blake Morrison,Middlemarch,TRUE
Blake Morrison,Jane Eyre,TRUE
Blake Morrison,The Great Gatsby,TRUE
Blake Morrison,Ulysses,TRUE
Blake Morrison,Nineteen Eighty-Four,TRUE
Blake Morrison,"The Life and Opinions of Tristram Shandy, Gentleman",TRUE
Blake Morrison,Emma,TRUE
Melissa Harrison,Ulysses,TRUE
Melissa Harrison,Anna Karenina,TRUE
Melissa Harrison,The Sound and the Fury,TRUE
Anne Enright,Ulysses,TRUE
Anne Enright,Beloved,TRUE
Anne Enright,In Search of Lost Time,TRUE
Anne Enright,Moby-Dick,TRUE
Anne Enright,Madame Bovary,TRUE
Anne Enright,The Handmaid's Tale,TRUE
Anne Enright,Wide Sargasso Sea,TRUE
Anne Enright,The Good Soldier,TRUE
Fiona Sampson,In Search of Lost Time,TRUE
Fiona Sampson,Frankenstein,TRUE
Fiona Sampson,To the Lighthouse,TRUE
Steven Poole,The Brothers Karamazov,TRUE
Steven Poole,In Search of Lost Time,TRUE
Steven Poole,Moby-Dick,TRUE
Steven Poole,Pale Fire,TRUE
Steven Poole,Pride and Prejudice,TRUE
Steven Poole,The Good Soldier,TRUE
Steven Poole,A Farewell to Arms,TRUE
Steven Poole,Frankenstein,TRUE
Lucy Knight,Never Let Me Go,TRUE
Lucy Knight,Pride and Prejudice,TRUE
Lucy Knight,The Great Gatsby,TRUE
Lucy Knight,The Good Soldier,TRUE
Samantha Ellis,Wuthering Heights,TRUE
Samantha Ellis,Wolf Hall,TRUE
Samantha Ellis,Persuasion,TRUE
Samantha Ellis,My Brilliant Friend,TRUE
Rachel Kushner,Moby-Dick,TRUE
Rachel Kushner,Invisible Man,TRUE
Rachel Kushner,The Great Gatsby,TRUE
Rachel Kushner,Jane Eyre,TRUE
Rachel Kushner,Lolita,TRUE
Jan Carson,Midnight's Children,TRUE
Jan Carson,Beloved,TRUE
Jan Carson,Wuthering Heights,TRUE
Jan Carson,Rebecca,TRUE
Jan Carson,Dracula,TRUE
Jan Carson,The End of the Affair,TRUE
Elif Batuman,Anna Karenina,TRUE
Elif Batuman,Middlemarch,TRUE
Elif Batuman,The Portrait of a Lady,TRUE
Elif Batuman,Pale Fire,TRUE
Elif Batuman,Don Quixote,TRUE
Elif Batuman,The Trial,TRUE
Elif Batuman,In Search of Lost Time,TRUE
Elif Batuman,Jane Eyre,TRUE
Roxane Gay,The Known World,TRUE
Roxane Gay,The Age of Innocence,TRUE
Roxane Gay,Beloved,TRUE
Roxane Gay,A Fine Balance,TRUE
Andrew Solomon,To the Lighthouse,TRUE
Andrew Solomon,War and Peace,TRUE
Andrew Solomon,Middlemarch,TRUE
Andrew Solomon,In Search of Lost Time,TRUE
Andrew Solomon,The Portrait of a Lady,TRUE
Andrew Solomon,Howards End,TRUE
Mazen Maarouf,Don Quixote,TRUE
Mazen Maarouf,Things Fall Apart,TRUE
Bernardine Evaristo,Beloved,TRUE
Bernardine Evaristo,Their Eyes Were Watching God,TRUE
Bernardine Evaristo,Kindred,TRUE
John Mullan,Emma,TRUE
John Mullan,Great Expectations,TRUE
John Mullan,Middlemarch,TRUE
John Mullan,Anna Karenina,TRUE
John Mullan,"The Life and Opinions of Tristram Shandy, Gentleman",TRUE
John Mullan,In Search of Lost Time,TRUE
John Mullan,Madame Bovary,TRUE
John Mullan,Ulysses,TRUE
John Mullan,Pride and Prejudice,TRUE
Katharine Viner,Beloved,TRUE
Katharine Viner,Jane Eyre,TRUE
Katharine Viner,Orlando,TRUE
Katharine Viner,Anna Karenina,TRUE
Katharine Viner,David Copperfield,TRUE
Katharine Viner,Half of a Yellow Sun,TRUE
Joanne Harris,The Outsider,TRUE
Joanne Harris,Wuthering Heights,TRUE
Sarah Waters,Bleak House,TRUE
Sarah Waters,Midnight's Children,TRUE
Sarah Waters,Housekeeping,TRUE
Sarah Waters,Anna Karenina,TRUE
Sarah Waters,The Road,TRUE
Sarah Waters,Austerlitz,TRUE
Sarah Waters,One Hundred Years of Solitude,TRUE
Sarah Waters,Things Fall Apart,TRUE
Amit Chaudhuri,A House for Mr Biswas,TRUE
Amit Chaudhuri,The Great Gatsby,TRUE
Ian Patterson,In Search of Lost Time,TRUE
Ian Patterson,The Golden Bowl,TRUE
Ian Patterson,Emma,TRUE
Ian Patterson,"The Life and Opinions of Tristram Shandy, Gentleman",TRUE
Ian Patterson,The Man Without Qualities,TRUE
Beejay Silcox,Frankenstein,TRUE
Beejay Silcox,Never Let Me Go,TRUE
Beejay Silcox,The Handmaid's Tale,TRUE
Beejay Silcox,Nineteen Eighty-Four,TRUE
Beejay Silcox,The Left Hand of Darkness,TRUE
Christobel Kent,The Leopard,TRUE
Christobel Kent,Sentimental Education,TRUE
Christobel Kent,War and Peace,TRUE
Christobel Kent,A Farewell to Arms,TRUE
Christobel Kent,The Great Gatsby,TRUE
Christobel Kent,Vanity Fair,TRUE
Charlotte Mendelson,War and Peace,TRUE
Charlotte Mendelson,David Copperfield,TRUE
Charlotte Mendelson,Middlemarch,TRUE
Charlotte Mendelson,Bleak House,TRUE
Charlotte Mendelson,The Transit of Venus,TRUE
Charlotte Mendelson,Giovanni's Room,TRUE
Olivia Laing,In Search of Lost Time,TRUE
Olivia Laing,The Leopard,TRUE
Olivia Laing,Persuasion,TRUE
Olivia Laing,Bleak House,TRUE
Olivia Laing,The Rings of Saturn,TRUE
Olivia Laing,The Talented Mr Ripley,TRUE
Julie Myerson,To the Lighthouse,TRUE
Julie Myerson,The Remains of the Day,TRUE
Julie Myerson,The Great Gatsby,TRUE
Julie Myerson,Beloved,TRUE
Julie Myerson,Wuthering Heights,TRUE
Julie Myerson,The Turn of the Screw,TRUE
PD Smith,The Man Without Qualities,TRUE
PD Smith,The Trial,TRUE
PD Smith,Bleak House,TRUE
Lara Feigel,War and Peace,TRUE
Lara Feigel,Anna Karenina,TRUE
Lara Feigel,Middlemarch,TRUE
Lara Feigel,The Rainbow,TRUE
Lara Feigel,To the Lighthouse,TRUE
Lara Feigel,The Golden Notebook,TRUE
Lara Feigel,Bleak House,TRUE
Lara Feigel,The Portrait of a Lady,TRUE
Lara Feigel,Their Eyes Were Watching God,TRUE
Lara Feigel,Jane Eyre,TRUE
Sian Cain,The Age of Innocence,TRUE
Sian Cain,Catch-22,TRUE
Sian Cain,Frankenstein,TRUE
Sian Cain,The Handmaid's Tale,TRUE
Sian Cain,The Remains of the Day,TRUE
Sian Cain,Nineteen Eighty-Four,TRUE
Daniel Kehlmann,War and Peace,TRUE
Daniel Kehlmann,In Search of Lost Time,TRUE
Daniel Kehlmann,Anna Karenina,TRUE
Daniel Kehlmann,The Magic Mountain,TRUE
Daniel Kehlmann,Ragtime,TRUE
William Boyd,Ulysses,TRUE
William Boyd,In Search of Lost Time,TRUE
William Boyd,Emma,TRUE
William Boyd,Pale Fire,TRUE
William Boyd,Our Mutual Friend,TRUE
William Boyd,"The Life and Opinions of Tristram Shandy, Gentleman",TRUE
William Boyd,The Trial,TRUE
William Boyd,Wuthering Heights,TRUE
Siri Hustvedt,Wuthering Heights,TRUE
Siri Hustvedt,To the Lighthouse,TRUE
Siri Hustvedt,Bleak House,TRUE
Siri Hustvedt,Middlemarch,TRUE
Siri Hustvedt,Moby-Dick,TRUE
Siri Hustvedt,Pride and Prejudice,TRUE
Siri Hustvedt,Ulysses,TRUE
Siri Hustvedt,Beloved,TRUE
Joshua Cohen,Dracula,TRUE
Geoff Dyer,Middlemarch,TRUE
Geoff Dyer,War and Peace,TRUE
Geoff Dyer,The Portrait of a Lady,TRUE
Geoff Dyer,The Age of Innocence,TRUE
Geoff Dyer,Great Expectations,TRUE
Geoff Dyer,The Transit of Venus,TRUE
Adam Roberts,Middlemarch,TRUE
Adam Roberts,Things Fall Apart,TRUE
Adam Roberts,Bleak House,TRUE
Adam Roberts,Beloved,TRUE
Candice Carty Williams,Nineteen Eighty-Four,TRUE
Candice Carty Williams,The Metamorphosis,TRUE
Candice Carty Williams,Beloved,TRUE
M. John Harrison,Jacob's Room,TRUE
M. John Harrison,Never Let Me Go,TRUE
Yagnishsing Dawoor,One Hundred Years of Solitude,TRUE
Yagnishsing Dawoor,Midnight's Children,TRUE
Yagnishsing Dawoor,Beloved,TRUE
Yagnishsing Dawoor,The God of Small Things,TRUE
Yagnishsing Dawoor,Half of a Yellow Sun,TRUE
Yagnishsing Dawoor,White Teeth,TRUE
Yagnishsing Dawoor,The Remains of the Day,TRUE
Lorrie Moore,Beloved,TRUE
Lorrie Moore,The Remains of the Day,TRUE
Lorrie Moore,Middlemarch,TRUE
Lorrie Moore,Emma,TRUE
Michael Chabon,Moby-Dick,TRUE
Michael Chabon,Orlando,TRUE
Michael Chabon,Pride and Prejudice,TRUE
Michael Chabon,The Golden Bowl,TRUE
Michael Chabon,The Left Hand of Darkness,TRUE
Claire Armitstead,War and Peace,TRUE
Claire Armitstead,Emma,TRUE
Claire Armitstead,One Hundred Years of Solitude,TRUE
Claire Armitstead,Ulysses,TRUE
Claire Armitstead,The Color Purple,TRUE
Claire Armitstead,Things Fall Apart,TRUE
Claire Armitstead,Don Quixote,TRUE
Claire Armitstead,Middlemarch,TRUE
Claire Armitstead,Jane Eyre,TRUE
Claire Armitstead,Moby-Dick,TRUE
Jacqueline Rose,In Search of Lost Time,TRUE
Jacqueline Rose,Ulysses,TRUE
Jacqueline Rose,Beloved,TRUE
Jacqueline Rose,The Golden Bowl,TRUE
Jacqueline Rose,The Waves,TRUE
Jacqueline Rose,Their Eyes Were Watching God,TRUE
Yiyun Li,Middlemarch,TRUE
Yiyun Li,Persuasion,TRUE
Yiyun Li,Moby-Dick,TRUE
Yiyun Li,War and Peace,TRUE
Yiyun Li,To the Lighthouse,TRUE
Yiyun Li,A Farewell to Arms,TRUE
Yiyun Li,The Transit of Venus,TRUE
Yiyun Li,Housekeeping,TRUE
Yiyun Li,White Teeth,TRUE
Lucas Rijneveld,Frankenstein,TRUE
Lucas Rijneveld,Lolita,TRUE
Colum McCann,Ulysses,TRUE
Colum McCann,Song of Solomon,TRUE
Colum McCann,"The Life and Opinions of Tristram Shandy, Gentleman",TRUE
Colum McCann,Nineteen Eighty-Four,TRUE
Colum McCann,Ragtime,TRUE
Jeet Thayil,Ulysses,TRUE
Jeet Thayil,One Hundred Years of Solitude,TRUE
Jeet Thayil,Pale Fire,TRUE
Jeet Thayil,Midnight's Children,TRUE
Jeet Thayil,White Teeth,TRUE
Derek Owusu,Invisible Man,TRUE
Derek Owusu,The Great Gatsby,TRUE
Derek Owusu,Go Tell It on the Mountain,TRUE
Derek Owusu,Things Fall Apart,TRUE
Derek Owusu,White Teeth,TRUE
Derek Owusu,Heart of Darkness,TRUE
Douglas Stuart,Beloved,TRUE
Douglas Stuart,Jude the Obscure,TRUE
Douglas Stuart,The Brothers Karamazov,TRUE
Douglas Stuart,Disgrace,TRUE
Douglas Stuart,The Line of Beauty,TRUE
Douglas Stuart,My Brilliant Friend,TRUE
Douglas Stuart,Lolita,TRUE
Joe Dunthorne,The Rings of Saturn,TRUE
Joe Dunthorne,Blood Meridian,TRUE
Joe Dunthorne,Housekeeping,TRUE
Joe Dunthorne,The Talented Mr Ripley,TRUE
Joe Dunthorne,Ragtime,TRUE
Joe Dunthorne,The Remains of the Day,TRUE
Sarah Bakewell,The Magic Mountain,TRUE
Sarah Bakewell,In Search of Lost Time,TRUE
Sarah Bakewell,"The Life and Opinions of Tristram Shandy, Gentleman",TRUE
Sarah Bakewell,War and Peace,TRUE
Sarah Bakewell,Life and Fate,TRUE
Sarah Bakewell,Nineteen Eighty-Four,TRUE
Sarah Bakewell,Middlemarch,TRUE
Sarah Bakewell,Howards End,TRUE
Kate Mosse,Wuthering Heights,TRUE
Kate Mosse,The Bluest Eye,TRUE
Kate Mosse,The Turn of the Screw,TRUE
Kate Mosse,Frankenstein,TRUE
Philippe Sands,The Trial,TRUE
Philippe Sands,Life and Fate,TRUE
Philippe Sands,The Master and Margarita,TRUE
Philippe Sands,The Line of Beauty,TRUE
Katherine Rundell,Emma,TRUE
Katherine Rundell,Middlemarch,TRUE
Katherine Rundell,Frankenstein,TRUE
Katherine Rundell,Beloved,TRUE
Katherine Rundell,The Brothers Karamazov,TRUE
Katherine Rundell,Wolf Hall,TRUE
Natasha Walter,Beloved,TRUE
Natasha Walter,War and Peace,TRUE
Natasha Walter,Things Fall Apart,TRUE
Natasha Walter,To the Lighthouse,TRUE
Natasha Walter,My Brilliant Friend,TRUE
Natasha Walter,Nervous Conditions,TRUE
Natasha Walter,The Golden Notebook,TRUE
Kevin Power,Ulysses,TRUE
Kevin Power,Lolita,TRUE
Kevin Power,Mrs Dalloway,TRUE
Kevin Power,The Sound and the Fury,TRUE
Kevin Power,Heart of Darkness,TRUE
Kevin Power,Madame Bovary,TRUE
Kevin Power,The Portrait of a Lady,TRUE
Kathryn Hughes,Middlemarch,TRUE
Kathryn Hughes,Jane Eyre,TRUE
Kathryn Hughes,Bleak House,TRUE
Kathryn Hughes,Pride and Prejudice,TRUE
Kathryn Hughes,Orlando,TRUE
Kathryn Hughes,Midnight's Children,TRUE
Kathryn Hughes,The Turn of the Screw,TRUE
Maya Jasanoff,Middlemarch,TRUE
Maya Jasanoff,Bleak House,TRUE
Maya Jasanoff,Anna Karenina,TRUE
Maya Jasanoff,Buddenbrooks,TRUE
Maya Jasanoff,Mrs Dalloway,TRUE
Maya Jasanoff,Heart of Darkness,TRUE
Maya Jasanoff,Sentimental Education,TRUE
Maya Jasanoff,A House for Mr Biswas,TRUE
Sukhdev Sandhu,Jude the Obscure,TRUE
Sukhdev Sandhu,A House for Mr Biswas,TRUE
Sukhdev Sandhu,The Man Without Qualities,TRUE
Sukhdev Sandhu,"The Life and Opinions of Tristram Shandy, Gentleman",TRUE
Lisa Tuttle,The Handmaid's Tale,TRUE
Lisa Tuttle,Sentimental Education,TRUE
Lisa Tuttle,The Turn of the Screw,TRUE
Lisa Tuttle,Bleak House,TRUE
Lisa Tuttle,Persuasion,TRUE
Lisa Tuttle,Kindred,TRUE
Lisa Tuttle,Jane Eyre,TRUE
Lisa Tuttle,The Great Gatsby,TRUE
Lisa Tuttle,The Golden Notebook,TRUE
David Diop,The Trial,TRUE
David Diop,One Hundred Years of Solitude,TRUE
Sayaka Murata,The Vegetarian,TRUE
Sayaka Murata,The Metamorphosis,TRUE
Sayaka Murata,Never Let Me Go,TRUE
Adam Thirlwell,War and Peace,TRUE
Adam Thirlwell,In Search of Lost Time,TRUE
Adam Thirlwell,The Man Without Qualities,TRUE
Adam Thirlwell,"The Life and Opinions of Tristram Shandy, Gentleman",TRUE
Adam Thirlwell,Orlando,TRUE
Adam Thirlwell,The Trial,TRUE
Melissa Broder,Madame Bovary,TRUE
Melissa Broder,The Age of Innocence,TRUE
Melissa Broder,Lolita,TRUE
Melissa Broder,Middlemarch,TRUE
Melissa Broder,Mrs Dalloway,TRUE
Jack Edwards,Emma,TRUE
Jack Edwards,Nineteen Eighty-Four,TRUE
Jack Edwards,The Good Soldier,TRUE
Jack Edwards,The God of Small Things,TRUE
Jack Edwards,To the Lighthouse,TRUE
Jack Edwards,Wide Sargasso Sea,TRUE
Elif Shafak,One Hundred Years of Solitude,TRUE
Elif Shafak,Don Quixote,TRUE
Elif Shafak,Ulysses,TRUE
Elif Shafak,The Metamorphosis,TRUE
Elif Shafak,Orlando,TRUE
Elif Shafak,Madame Bovary,TRUE
Elif Shafak,Rebecca,TRUE
Elif Shafak,The Master and Margarita,TRUE
Maya Jaggi,Anna Karenina,TRUE
Maya Jaggi,The Bluest Eye,TRUE
Matt Haig,Invisible Cities,TRUE
Matt Haig,Wuthering Heights,TRUE
Matt Haig,Jane Eyre,TRUE
Matt Haig,Don Quixote,TRUE
Rebecca Liu,Anna Karenina,TRUE
Rebecca Liu,Beloved,TRUE
Rebecca Liu,Madame Bovary,TRUE
Rebecca Liu,The Golden Notebook,TRUE
Sinéad Gleeson,Ulysses,TRUE
Sinéad Gleeson,To the Lighthouse,TRUE
Sinéad Gleeson,Their Eyes Were Watching God,TRUE
Sinéad Gleeson,Midnight's Children,TRUE
Sinéad Gleeson,The Prime of Miss Jean Brodie,TRUE
Ahdaf Soueif,Middlemarch,TRUE
Ahdaf Soueif,Anna Karenina,TRUE
Ahdaf Soueif,The Leopard,TRUE
Ahdaf Soueif,Great Expectations,TRUE
Ahdaf Soueif,Pride and Prejudice,TRUE
Ahdaf Soueif,A Farewell to Arms,TRUE
Ahdaf Soueif,One Hundred Years of Solitude,TRUE
Richard Osman,The Talented Mr Ripley,TRUE
Richard Osman,One Hundred Years of Solitude,TRUE
Richard Osman,Middlemarch,TRUE
Richard Osman,Giovanni's Room,TRUE
Valeria Luiselli,The Road,TRUE
Valeria Luiselli,Pedro Páramo,TRUE
Valeria Luiselli,One Hundred Years of Solitude,TRUE
Valeria Luiselli,Disgrace,TRUE
Valeria Luiselli,Nineteen Eighty-Four,TRUE
Valeria Luiselli,Ulysses,TRUE
Guy Gunaratne,Ulysses,TRUE
Guy Gunaratne,The Brothers Karamazov,TRUE
Guy Gunaratne,The Waves,TRUE
Guy Gunaratne,Song of Solomon,TRUE
Guy Gunaratne,The Rings of Saturn,TRUE
Guy Gunaratne,Giovanni's Room,TRUE
Laura Wilson,Emma,TRUE
Laura Wilson,Madame Bovary,TRUE
Laura Wilson,Nineteen Eighty-Four,TRUE
Laura Wilson,Great Expectations,TRUE
Laura Wilson,The Remains of the Day,TRUE
Claire Messud,Anna Karenina,TRUE
Claire Messud,Madame Bovary,TRUE
Claire Messud,In Search of Lost Time,TRUE
Claire Messud,Things Fall Apart,TRUE
Claire Messud,Beloved,TRUE
Claire Messud,Mrs Dalloway,TRUE
Claire Messud,The Rings of Saturn,TRUE
Claire Messud,A Fine Balance,TRUE
Colm Tóibín,Ulysses,TRUE
Colm Tóibín,The Golden Bowl,TRUE
Colm Tóibín,In Search of Lost Time,TRUE
Colm Tóibín,The Trial,TRUE
Colm Tóibín,Buddenbrooks,TRUE
Colm Tóibín,The Outsider,TRUE
Colm Tóibín,To the Lighthouse,TRUE
Colm Tóibín,One Hundred Years of Solitude,TRUE
Colm Tóibín,The Age of Innocence,TRUE
Uzma Aslam Khan,The God of Small Things,TRUE
Uzma Aslam Khan,The Known World,TRUE
Uzma Aslam Khan,Beloved,TRUE
Parinoush Saniee,Nineteen Eighty-Four,TRUE
Parinoush Saniee,One Hundred Years of Solitude,TRUE
Parinoush Saniee,Pride and Prejudice,TRUE
Parinoush Saniee,The Trial,TRUE
Parinoush Saniee,The Master and Margarita,TRUE
Ali Smith,Beloved,TRUE
Ali Smith,The Prime of Miss Jean Brodie,TRUE
Ali Smith,David Copperfield,TRUE
Ali Smith,Emma,TRUE
Catherine Taylor,The Golden Bowl,TRUE
Catherine Taylor,Nineteen Eighty-Four,TRUE
Catherine Taylor,To the Lighthouse,TRUE
Catherine Taylor,Nervous Conditions,TRUE
Catherine Taylor,The Rainbow,TRUE
Chigozie Obioma,Blood Meridian,TRUE
Chigozie Obioma,The Waves,TRUE
Chigozie Obioma,War and Peace,TRUE
Ben Markovits,Mansfield Park,TRUE
Ben Markovits,Things Fall Apart,TRUE
Ben Markovits,The Portrait of a Lady,TRUE
Ben Markovits,Middlemarch,TRUE
Ben Markovits,To the Lighthouse,TRUE
Sophie Mackintosh,Beloved,TRUE
Sophie Mackintosh,Jane Eyre,TRUE
Sophie Mackintosh,Giovanni's Room,TRUE
Sophie Mackintosh,The End of the Affair,TRUE
Sophie Mackintosh,The Vegetarian,TRUE
Alex Needham,Life and Fate,TRUE
Alex Needham,Pale Fire,TRUE
Alex Needham,The Line of Beauty,TRUE
Alex Needham,Middlemarch,TRUE
Alex Needham,Mansfield Park,TRUE
Alex Needham,Austerlitz,TRUE
Alex Needham,The Golden Notebook,TRUE
Tessa Hadley,War and Peace,TRUE
Tessa Hadley,Middlemarch,TRUE
Tessa Hadley,Jane Eyre,TRUE
Tessa Hadley,Madame Bovary,TRUE
Tessa Hadley,Persuasion,TRUE
Tessa Hadley,The Rainbow,TRUE
Jennifer Egan,Middlemarch,TRUE
Jennifer Egan,Pride and Prejudice,TRUE
Jennifer Egan,Invisible Man,TRUE
Jennifer Egan,"The Life and Opinions of Tristram Shandy, Gentleman",TRUE
Jennifer Egan,To the Lighthouse,TRUE
Jennifer Egan,The Bluest Eye,TRUE
Xan Brooks,The Great Gatsby,TRUE
Xan Brooks,Pale Fire,TRUE
Xan Brooks,Middlemarch,TRUE
Xan Brooks,My Ántonia,TRUE
Xan Brooks,Bleak House,TRUE
Xan Brooks,Invisible Man,TRUE
Xan Brooks,Blood Meridian,TRUE
Nina Stibbe,The God of Small Things,TRUE
Nina Stibbe,"The Life and Opinions of Tristram Shandy, Gentleman",TRUE
Nina Stibbe,Go Tell It on the Mountain,TRUE
Nina Stibbe,David Copperfield,TRUE
Samantha Harvey,Mrs Dalloway,TRUE
Samantha Harvey,Disgrace,TRUE
Charlotte Higgins,Middlemarch,TRUE
Charlotte Higgins,Ulysses,TRUE
Charlotte Higgins,In Search of Lost Time,TRUE
Charlotte Higgins,Bleak House,TRUE
Charlotte Higgins,Emma,TRUE
Charlotte Higgins,"The Life and Opinions of Tristram Shandy, Gentleman",TRUE
Charlotte Higgins,Vanity Fair,TRUE
Charlotte Higgins,The Portrait of a Lady,TRUE
Justine Jordan,Ulysses,TRUE
Justine Jordan,Middlemarch,TRUE
Justine Jordan,Persuasion,TRUE
Justine Jordan,Midnight's Children,TRUE
Justine Jordan,Our Mutual Friend,TRUE
Justine Jordan,Lolita,TRUE
Justine Jordan,Beloved,TRUE
Justine Jordan,Wolf Hall,TRUE
Justine Jordan,Catch-22,TRUE
Kieran Goddard,The Brothers Karamazov,TRUE
Kieran Goddard,Ulysses,TRUE
Kieran Goddard,To the Lighthouse,TRUE
Kieran Goddard,Middlemarch,TRUE
Kieran Goddard,Jude the Obscure,TRUE
Kieran Goddard,Austerlitz,TRUE
Kieran Goddard,Housekeeping,TRUE
Kieran Goddard,Disgrace,TRUE
Alex Clark,Middlemarch,TRUE
Alex Clark,In Search of Lost Time,TRUE
Alex Clark,Ulysses,TRUE
Alex Clark,The Golden Notebook,TRUE
Alex Clark,Invisible Man,TRUE
Alex Clark,To the Lighthouse,TRUE
Susanna Rustin,Mrs Dalloway,TRUE
Susanna Rustin,Emma,TRUE
Susanna Rustin,The Portrait of a Lady,TRUE
Susanna Rustin,Things Fall Apart,TRUE
Susanna Rustin,Beloved,TRUE
Susanna Rustin,Jane Eyre,TRUE
Susanna Rustin,Bleak House,TRUE
Susanna Rustin,My Brilliant Friend,TRUE
Sara Collins,Beloved,TRUE
Sara Collins,The Handmaid's Tale,TRUE
Sara Collins,Pride and Prejudice,TRUE
Sara Collins,Wide Sargasso Sea,TRUE
Sara Collins,Nineteen Eighty-Four,TRUE
Sara Collins,Midnight's Children,TRUE
Sara Collins,The Remains of the Day,TRUE
Sara Collins,Anna Karenina,TRUE
Sara Collins,Invisible Man,TRUE
Houman Barekat,Madame Bovary,TRUE
Houman Barekat,Ulysses,TRUE
Houman Barekat,Middlemarch,TRUE
Houman Barekat,Pale Fire,TRUE
Houman Barekat,Mrs Dalloway,TRUE
Mark Haddon,Jacob's Room,TRUE
Mark Haddon,Bleak House,TRUE
Stephen King,Moby-Dick,TRUE
Stephen King,Ulysses,TRUE
Stephen King,Madame Bovary,TRUE
Ian McEwan,Ulysses,TRUE
Ian McEwan,Anna Karenina,TRUE
Ian McEwan,Middlemarch,TRUE
Ian McEwan,The Metamorphosis,TRUE
Ian McEwan,Pride and Prejudice,TRUE
Ian McEwan,Madame Bovary,TRUE
Ian McEwan,The Magic Mountain,TRUE
Ian McEwan,Our Mutual Friend,TRUE
Stuart Kelly,Middlemarch,TRUE
Stuart Kelly,"The Life and Opinions of Tristram Shandy, Gentleman",TRUE
Stuart Kelly,Moby-Dick,TRUE
Stuart Kelly,Ulysses,TRUE
Dinah Birch,Middlemarch,TRUE
Dinah Birch,Persuasion,TRUE
Dinah Birch,David Copperfield,TRUE
Dinah Birch,Jane Eyre,TRUE
Dinah Birch,Anna Karenina,TRUE
Dinah Birch,Song of Solomon,TRUE
Dinah Birch,Midnight's Children,TRUE
Alain Mabanckou,Things Fall Apart,TRUE
Alain Mabanckou,Pedro Páramo,TRUE
Alain Mabanckou,The Trial,TRUE
Tahmima Anam,Midnight's Children,TRUE
Tahmima Anam,Beloved,TRUE
Tahmima Anam,Anna Karenina,TRUE
Tahmima Anam,Things Fall Apart,TRUE
Tahmima Anam,Persuasion,TRUE
Tahmima Anam,The Great Gatsby,TRUE
Tahmima Anam,Jane Eyre,TRUE
Tahmima Anam,The Vegetarian,TRUE
Tahmima Anam,My Ántonia,TRUE
David Nicholls,Persuasion,TRUE
David Nicholls,Bleak House,TRUE
David Nicholls,The Great Gatsby,TRUE
David Nicholls,The Portrait of a Lady,TRUE
David Nicholls,Housekeeping,TRUE
David Nicholls,To the Lighthouse,TRUE
David Nicholls,Howards End,TRUE
David Nicholls,The Prime of Miss Jean Brodie,TRUE
David Nicholls,The Transit of Venus,TRUE
Marcel Theroux,War and Peace,TRUE
Marcel Theroux,Middlemarch,TRUE
Marcel Theroux,Madame Bovary,TRUE
Marcel Theroux,Pride and Prejudice,TRUE
Marcel Theroux,David Copperfield,TRUE
Marcel Theroux,Nineteen Eighty-Four,TRUE
Marcel Theroux,The Great Gatsby,TRUE
Marcel Theroux,The Master and Margarita,TRUE
Diana Evans,Anna Karenina,TRUE
Diana Evans,The God of Small Things,TRUE
Diana Evans,Things Fall Apart,TRUE
Diana Evans,Song of Solomon,TRUE
Diana Evans,Lolita,TRUE
Diana Evans,Half of a Yellow Sun,TRUE
Maaza Mengiste,Song of Solomon,TRUE
Maaza Mengiste,Nervous Conditions,TRUE
Maaza Mengiste,Wolf Hall,TRUE
Maaza Mengiste,The Known World,TRUE
Maaza Mengiste,War and Peace,TRUE
Maaza Mengiste,Go Tell It on the Mountain,TRUE
Sarah Crown,Middlemarch,TRUE
Sarah Crown,Pale Fire,TRUE
Alexandra Harris,To the Lighthouse,TRUE
Alexandra Harris,The Waves,TRUE
Alexandra Harris,The Return of the Native,TRUE
Alexandra Harris,Jacob's Room,TRUE
Alexandra Harris,My Ántonia,TRUE
Alexandra Harris,"The Life and Opinions of Tristram Shandy, Gentleman",TRUE
Alexandra Harris,Ulysses,TRUE
Alexandra Harris,The Good Soldier,TRUE
Lisa Allardice,Middlemarch,TRUE
Lisa Allardice,To the Lighthouse,TRUE
Lisa Allardice,The Handmaid's Tale,TRUE
Lisa Allardice,The Prime of Miss Jean Brodie,TRUE
Lisa Allardice,Rebecca,TRUE
Lisa Allardice,Beloved,TRUE
Lisa Allardice,The Portrait of a Lady,TRUE
Lisa Allardice,Mrs Dalloway,TRUE
Lisa Allardice,Persuasion,TRUE
Clare Clark,Madame Bovary,TRUE
Clare Clark,Middlemarch,TRUE
Clare Clark,The Great Gatsby,TRUE
Clare Clark,Anna Karenina,TRUE
Clare Clark,Emma,TRUE
Clare Clark,Mrs Dalloway,TRUE
Clare Clark,A Fine Balance,TRUE
Clare Clark,The Remains of the Day,TRUE
Clare Clark,Wolf Hall,TRUE
Ben Okri,Don Quixote,TRUE
Ben Okri,War and Peace,TRUE
Ben Okri,The Brothers Karamazov,TRUE
Ben Okri,Pride and Prejudice,TRUE
Ben Okri,Moby-Dick,TRUE
Ben Okri,Ulysses,TRUE
Ben Okri,In Search of Lost Time,TRUE
Ben Okri,Invisible Man,TRUE
Ben Okri,One Hundred Years of Solitude,TRUE
Dorian Lynskey,The Remains of the Day,TRUE
Dorian Lynskey,Heart of Darkness,TRUE
Dorian Lynskey,Ragtime,TRUE
Dorian Lynskey,Nineteen Eighty-Four,TRUE
Dorian Lynskey,The Line of Beauty,TRUE
Dorian Lynskey,The Age of Innocence,TRUE
Arifa Akbar,Wuthering Heights,TRUE
Arifa Akbar,Anna Karenina,TRUE
Arifa Akbar,Frankenstein,TRUE
Arifa Akbar,Beloved,TRUE
Arifa Akbar,Nineteen Eighty-Four,TRUE
Arifa Akbar,The Handmaid's Tale,TRUE
Aida Edemariam,Middlemarch,TRUE
Aida Edemariam,The Great Gatsby,TRUE
Aida Edemariam,Emma,TRUE
Aida Edemariam,Beloved,TRUE
Aida Edemariam,Mrs Dalloway,TRUE
Aida Edemariam,A House for Mr Biswas,TRUE
James Meek,Disgrace,TRUE
James Meek,Middlemarch,TRUE
James Meek,Invisible Cities,TRUE
James Meek,Ulysses,TRUE
James Meek,The Magic Mountain,TRUE
James Meek,Mansfield Park,TRUE
David Shariatmadari,The Return of the Native,TRUE
David Shariatmadari,The Leopard,TRUE
John Lanchester,In Search of Lost Time,TRUE
John Lanchester,Middlemarch,TRUE
John Lanchester,Ulysses,TRUE
John Lanchester,War and Peace,TRUE
John Lanchester,Moby-Dick,TRUE
John Lanchester,The Leopard,TRUE
John Lanchester,The Left Hand of Darkness,TRUE
Jo Hamya,Anna Karenina,TRUE
Jo Hamya,To the Lighthouse,TRUE
Jo Hamya,Wide Sargasso Sea,TRUE
Jo Hamya,Lolita,TRUE
Tom Crewe,Anna Karenina,TRUE
Tom Crewe,Middlemarch,TRUE
Tom Crewe,Mansfield Park,TRUE
Michael Donkor,Middlemarch,TRUE
Michael Donkor,Madame Bovary,TRUE
Michael Donkor,One Hundred Years of Solitude,TRUE
Michael Donkor,Lolita,TRUE
Michael Donkor,The Sound and the Fury,TRUE
Michael Donkor,Mrs Dalloway,TRUE
Michael Donkor,Things Fall Apart,TRUE
Michael Donkor,The Bluest Eye,TRUE
Charlotte Northedge,Middlemarch,TRUE
Charlotte Northedge,Persuasion,TRUE
Charlotte Northedge,To the Lighthouse,TRUE
Charlotte Northedge,The Great Gatsby,TRUE
Charlotte Northedge,Beloved,TRUE
Charlotte Northedge,Never Let Me Go,TRUE
Charlotte Northedge,The Handmaid's Tale,TRUE
Charlotte Northedge,My Brilliant Friend,TRUE
Charlotte Northedge,Half of a Yellow Sun,TRUE
Charlotte Northedge,The God of Small Things,TRUE
Ella Creamer,To the Lighthouse,TRUE
Ella Creamer,My Brilliant Friend,TRUE
Ella Creamer,Beloved,TRUE
Ella Creamer,The Rainbow,TRUE
Ella Creamer,Their Eyes Were Watching God,TRUE
Liese Spencer,Emma,TRUE
Liese Spencer,"The Life and Opinions of Tristram Shandy, Gentleman",TRUE
Liese Spencer,Beloved,TRUE
Liese Spencer,Mrs Dalloway,TRUE
Liese Spencer,Crime and Punishment,TRUE
Liese Spencer,The Prime of Miss Jean Brodie,TRUE
Liese Spencer,Great Expectations,TRUE
Liese Spencer,Housekeeping,TRUE
Emma Loffhagen,The Color Purple,TRUE
Emma Loffhagen,Half of a Yellow Sun,TRUE
Emma Loffhagen,Things Fall Apart,TRUE
Emma Loffhagen,White Teeth,TRUE
Emma Loffhagen,Their Eyes Were Watching God,TRUE
Emma Loffhagen,Emma,TRUE
Emma Loffhagen,The God of Small Things,TRUE
Emma Loffhagen,The Vegetarian,TRUE
Emma Loffhagen,The Great Gatsby,TRUE
RF Kuang,Pale Fire,TRUE
RF Kuang,The Great Gatsby,TRUE
RF Kuang,The Brothers Karamazov,TRUE
RF Kuang,Wolf Hall,TRUE
RF Kuang,One Hundred Years of Solitude,TRUE
RF Kuang,The Remains of the Day,TRUE
RF Kuang,Buddenbrooks,TRUE
Elizabeth Day,Howards End,TRUE
Elizabeth Day,Pride and Prejudice,TRUE
Elizabeth Day,Vanity Fair,TRUE
Elizabeth Day,Great Expectations,TRUE
Elizabeth Day,Lolita,TRUE
Elizabeth Day,Middlemarch,TRUE
Jem Calder,Middlemarch,TRUE
Jem Calder,War and Peace,TRUE
Jem Calder,The Portrait of a Lady,TRUE
Jem Calder,Persuasion,TRUE
Damian Barr,Giovanni's Room,TRUE
Damian Barr,The Prime of Miss Jean Brodie,TRUE
Damian Barr,The Color Purple,TRUE
Damian Barr,Dracula,TRUE
Damian Barr,Beloved,TRUE
Damian Barr,Their Eyes Were Watching God,TRUE
Lily King,To the Lighthouse,TRUE
Lily King,Mrs Dalloway,TRUE
Lily King,The Sound and the Fury,TRUE
Lily King,Beloved,TRUE
Lily King,Persuasion,TRUE
Lily King,Pride and Prejudice,TRUE
Lily King,Middlemarch,TRUE
Lily King,In Search of Lost Time,TRUE
Lily King,The Transit of Venus,TRUE
Saba Sams,The Prime of Miss Jean Brodie,TRUE
Saba Sams,The Golden Notebook,TRUE
Saba Sams,To the Lighthouse,TRUE
Saba Sams,The God of Small Things,TRUE
Saba Sams,Lolita,TRUE
Saba Sams,Wide Sargasso Sea,TRUE
Ian Rankin,Bleak House,TRUE
Ian Rankin,The Prime of Miss Jean Brodie,TRUE
Ian Rankin,Crime and Punishment,TRUE
Ian Rankin,Song of Solomon,TRUE
Florence Knapp,A Fine Balance,TRUE
Lauren Elkin,Mrs Dalloway,TRUE
Lauren Elkin,Beloved,TRUE
Lauren Elkin,Middlemarch,TRUE
Naoise Dolan,Song of Solomon,TRUE
Naoise Dolan,Emma,TRUE
Naoise Dolan,Bleak House,TRUE
Naoise Dolan,Giovanni's Room,TRUE
Naoise Dolan,Buddenbrooks,TRUE
Doireann Ní Ghríofa,Mrs Dalloway,TRUE
Doireann Ní Ghríofa,Jane Eyre,TRUE
Doireann Ní Ghríofa,Wuthering Heights,TRUE
Doireann Ní Ghríofa,To the Lighthouse,TRUE
Doireann Ní Ghríofa,Dracula,TRUE
Doireann Ní Ghríofa,Rebecca,TRUE
Doireann Ní Ghríofa,The Rings of Saturn,TRUE
Daisy Johnson,The God of Small Things,TRUE
Daisy Johnson,Beloved,TRUE
Daisy Johnson,One Hundred Years of Solitude,TRUE
Maggie O’Farrell,Old Filth Trilogy,FALSE
Maggie O’Farrell,North Woods,FALSE
Maggie O’Farrell,Foster,FALSE
Maggie O’Farrell,The Patrick Melrose Novels,FALSE
Maggie O’Farrell,The Yellow Wallpaper,FALSE
Maggie O’Farrell,The Private Memoirs and Confessions of a Justified Sinner,FALSE
Freya Johnston,Little Boy Lost,FALSE
Freya Johnston,Mrs. Palfrey at the Claremont,FALSE
Freya Johnston,Dr Gully,FALSE
Freya Johnston,The Vicar of Wakefield,FALSE
Freya Johnston,Quartet in Autumn,FALSE
Meg Rosoff,A High Wind in Jamaica,FALSE
Meg Rosoff,East of Eden,FALSE
Meg Rosoff,Golden Hill,FALSE
Meg Rosoff,The Mirror and the Light,FALSE
Meg Rosoff,Bring up the Bodies,FALSE
Meg Rosoff,The Long View,FALSE
Merve Emre,The Plains,FALSE
Hermione Lee,Latecomers,FALSE
Hermione Lee,The Custom of the Country,FALSE
Hermione Lee,The Beginning of Spring,FALSE
Hermione Lee,Family and Friends,FALSE
Hermione Lee,Reading Turgenev,FALSE
Hermione Lee,A Month in the Country,FALSE
Hermione Lee,Nora Webster,FALSE
Jon Day,The Blue Flower,FALSE
Jon Day,The Last Samurai,FALSE
Jon Day,The Third Policeman,FALSE
Jon Day,Tamarisk Row,FALSE
Jon Day,The Swimming-Pool Library,FALSE
Amanda Craig,Small Things Like These,FALSE
Amanda Craig,Suite Française,FALSE
Amanda Craig,Tom Lake,FALSE
Tanjll Rashid,The Enigma of Arrival,FALSE
Tanjll Rashid,The Improvement of Human Reason,FALSE
Tanjll Rashid,Joseph and His Brothers,FALSE
Tanjll Rashid,One Thousand and One Nights,FALSE
Tanjll Rashid,Pather Panchali,FALSE
Tanjll Rashid,Operation Shylock,FALSE
Alberto Manguel,Hopscotch,FALSE
Alberto Manguel,The Tale of Genji,FALSE
Alberto Manguel,Dr. Jekyll and Mr. Hyde,FALSE
Kit de Waal,Flowers for Algernon,FALSE
Kit de Waal,The Thing About December,FALSE
Kit de Waal,The Spy Who Came in From the Cold,FALSE
Sarah Moss,The Country of the Pointed Firs,FALSE
Sarah Moss,Shadows on the Rock,FALSE
Sarah Moss,The Summer Book,FALSE
Sarah Moss,I Capture the Castle,FALSE
Sarah Moss,The Ice Palace,FALSE
Imogen Russell Williams,A Wizard of Earthsea,FALSE
Imogen Russell Williams,Fire and Hemlock,FALSE
Imogen Russell Williams,The Lie Tree,FALSE
Imogen Russell Williams,The Hounds of the Morrigan,FALSE
Imogen Russell Williams,The Dark Is Rising,FALSE
Imogen Russell Williams,Northern Lights,FALSE
Imogen Russell Williams,Haroun and the Sea of Stories,FALSE
John Boyne,The Slap,FALSE
John Boyne,The Cider House Rules,FALSE
John Boyne,The Secret History,FALSE
John Boyne,Cloudstreet,FALSE
John Boyne,Lucky Jim,FALSE
John Boyne,The Razor's Edge,FALSE
John Boyne,The Murder of Roger Ackroyd,FALSE
Nina Allan,Under the Volcano,FALSE
Nina Allan,"The Sea, the Sea",FALSE
Nina Allan,Falling Man,FALSE
Nina Allan,In Cold Blood,FALSE
Nina Allan,The Affirmation,FALSE
Nina Allan,Darkmans,FALSE
Salman Rushdie,The Tin Drum,FALSE
Nikesh Shukla,The Buddha of Suburbia,FALSE
Nikesh Shukla,Nw,FALSE
Nikesh Shukla,Family Life,FALSE
Nikesh Shukla,Sag Harbor,FALSE
Nikesh Shukla,Watchmen,FALSE
Nikesh Shukla,Station Eleven,FALSE
Nikesh Shukla,Problems,FALSE
Nikesh Shukla,Breath,FALSE
Nikesh Shukla,Exit West,FALSE
Yael van der Wouden,Maurice,FALSE
Yael van der Wouden,Maus,FALSE
Yael van der Wouden,Bee Sting,FALSE
Yael van der Wouden,Demon Copperhead,FALSE
Yael van der Wouden,Love Medicine,FALSE
Yael van der Wouden,Fun Home,FALSE
Yael van der Wouden,Stag Dance,FALSE
Benjamin Myers,Robinson Crusoe,FALSE
Benjamin Myers,Hunger,FALSE
Benjamin Myers,Maurice,FALSE
Benjamin Myers,Trout Fishing in America,FALSE
Benjamin Myers,Union Street,FALSE
Benjamin Myers,American Psycho,FALSE
Benjamin Myers,The Baron in the Trees,FALSE
Benjamin Myers,A Month in the Country,FALSE
Benjamin Myers,The Slaves of Solitude,FALSE
Sam Leith,If on a Winter's Night a Traveller,FALSE
Sam Leith,Slaughterhouse-Five,FALSE
Sandra Newman,Palm-Wine Drinkard,FALSE
Sandra Newman,Infinite Jest,FALSE
Sandra Newman,Jonathan Strange & Mr. Norrell,FALSE
Sandra Newman,Nightwood,FALSE
Chris Power,2666,FALSE
Chris Power,Septology,FALSE
John Self,Something Happened,FALSE
John Self,Summertime,FALSE
John Self,The Beginning of Spring,FALSE
John Self,Cat's Cradle,FALSE
John Self,A Handful of Dust,FALSE
John Self,A Prayer for Owen Meany,FALSE
Shahidha Bari,A Passage to India,FALSE
Shahidha Bari,Anne of Green Gables,FALSE
Shahidha Bari,The Sellout,FALSE
Shahidha Bari,"Right Ho, Jeeves",FALSE
Esi Edugyan,The Plague,FALSE
Esi Edugyan,A Bend in the River,FALSE
Esi Edugyan,The English Patient,FALSE
Esi Edugyan,Those Who Leave and Those Who Stay,FALSE
Juan Gabriel Vasquez,Conversation in the Cathedral,FALSE
Juan Gabriel Vasquez,Light in August,FALSE
Fiona Sturges,Leviathan,FALSE
Fiona Sturges,To Kill a Mockingbird,FALSE
Fiona Sturges,Atonement,FALSE
Fiona Sturges,Possession,FALSE
Fiona Sturges,James,FALSE
Rishi Dastidar,The Golden Gate,FALSE
Rishi Dastidar,Wittgenstein's Mistress,FALSE
Rishi Dastidar,A Place of Greater Safety,FALSE
Rishi Dastidar,The Radetzky March,FALSE
Rishi Dastidar,Oscar & Lucinda,FALSE
Jude Cook,Tender Is the Night,FALSE
Jude Cook,Herzog,FALSE
Jude Cook,The Buddha of Suburbia,FALSE
Pratinav Anil,A Dance to the Music of Time,FALSE
Pratinav Anil,A Severed Head,FALSE
Pratinav Anil,Gravity's Rainbow,FALSE
Pratinav Anil,The Unbearable Lightness of Being,FALSE
Pratinav Anil,Oblomov,FALSE
Pratinav Anil,Boredom,FALSE
Pratinav Anil,Aunt Julia and the Script-Writer,FALSE
Yan Lianke,Strange Tales From a Chinese Studio,FALSE
Yan Lianke,The Castle,FALSE
Chloe Aridjis,A Portrait of the Artist as a Young Man,FALSE
Nadifa Mohamed,Eugene Onegin,FALSE
Nadifa Mohamed,The Translator,FALSE
Nadifa Mohamed,Marabou Stork Nightmares,FALSE
Nadifa Mohamed,By the Sea,FALSE
Nadifa Mohamed,Home to Harlem,FALSE
Nadifa Mohamed,Telephone,FALSE
Sarah Churchwell,The Wings of a Dove,FALSE
Sarah Churchwell,Huckleberry Finn,FALSE
Blake Morrison,Sons and Lovers,FALSE
Blake Morrison,Gulliver's Travels,FALSE
Blake Morrison,Robinson Crusoe,FALSE
Melissa Harrison,Bring up the Bodies,FALSE
Melissa Harrison,The Grapes of Wrath,FALSE
Melissa Harrison,The Lord of the Rings,FALSE
Melissa Harrison,Piranesi,FALSE
Melissa Harrison,Tarka the Otter,FALSE
Melissa Harrison,Light Years,FALSE
Melissa Harrison,The Information,FALSE
Anne Enright,Love in the Time of Cholera,FALSE
Anne Enright,Cloud Atlas,FALSE
Fiona Sampson,The Bridge on the Drina,FALSE
Fiona Sampson,The Alexandria Quartet ,FALSE
Fiona Sampson,Tamarisk Row,FALSE
Fiona Sampson,Pig Earth,FALSE
Fiona Sampson,By Grand Central Station I Sat Down and Wept,FALSE
Fiona Sampson,Zone,FALSE
Fiona Sampson,Omeros,FALSE
Steven Poole,The Blue Flower,FALSE
Steven Poole,Tree of Smoke,FALSE
Lucy Knight,How to Be Both,FALSE
Lucy Knight,Fun Home,FALSE
Lucy Knight,The Summer Book,FALSE
Lucy Knight,Americanah,FALSE
Lucy Knight,Wise Children,FALSE
Lucy Knight,"Tomorrow, and Tomorrow, and Tomorrow",FALSE
Samantha Ellis,The Tenant of Wildfell Hall,FALSE
Samantha Ellis,The Tale of the 1002nd Night,FALSE
Samantha Ellis,Nights at the Circus,FALSE
Samantha Ellis,The Bell Jar,FALSE
Samantha Ellis,Journey by Moonlight,FALSE
Samantha Ellis,The Amazing Adventures of Kavalier and Clay,FALSE
Rachel Kushner,Red Badge of Courage,FALSE
Rachel Kushner,As I Lay Dying,FALSE
Rachel Kushner,The Recognitions,FALSE
Rachel Kushner,The Sun Also Rises,FALSE
Rachel Kushner,Underworld,FALSE
Jan Carson,We Have Always Lived in the Castle,FALSE
Jan Carson,Lincoln in the Bardo,FALSE
Jan Carson,And Then There Were None,FALSE
Jan Carson,The Millstone,FALSE
Elif Batuman,The Makioka Sisters,FALSE
Elif Batuman,Eugene Onegin,FALSE
Roxane Gay,Nw,FALSE
Roxane Gay,Pachinko,FALSE
Roxane Gay,Commonwealth,FALSE
Roxane Gay,Possessing the Secret of Joy,FALSE
Roxane Gay,In the Distance,FALSE
Roxane Gay,Matrix,FALSE
Andrew Solomon,The Phantom Tollbooth,FALSE
Andrew Solomon,The House of Mirth,FALSE
Andrew Solomon,Daniel Deronda,FALSE
Andrew Solomon,Sense and Sensibility,FALSE
Mazen Maarouf,The Third Lie,FALSE
Mazen Maarouf,Promise at Dawn,FALSE
Mazen Maarouf,In Diamond Square,FALSE
Mazen Maarouf,One Thousand and One Nights,FALSE
Mazen Maarouf,June Rain,FALSE
Mazen Maarouf,Chronicle of a Death Foretold,FALSE
Mazen Maarouf,The Catcher in the Rye,FALSE
Mazen Maarouf,Men in the Sun and Other Palestinian Stories,FALSE
Bernardine Evaristo,The Book of Night Women,FALSE
Bernardine Evaristo,Ghost Wall,FALSE
Bernardine Evaristo,The Joys of Motherhood,FALSE
Bernardine Evaristo,The Bone People,FALSE
Bernardine Evaristo,Quicksand,FALSE
Bernardine Evaristo,The Vanishing Half,FALSE
Bernardine Evaristo,Ordinary People,FALSE
John Mullan,Tess of the D'urbervilles,FALSE
Katharine Viner,Sense and Sensibility,FALSE
Katharine Viner,Love in the Time of Cholera,FALSE
Katharine Viner,Small Island,FALSE
Katharine Viner,Drive Your Plow Over the Bones of the Dead,FALSE
Joanne Harris,Farenheit 451,FALSE
Joanne Harris,Nights at the Circus,FALSE
Joanne Harris,We Have Always Lived in the Castle,FALSE
Joanne Harris,"To Be Taught, If Fortunate",FALSE
Joanne Harris,Gormenghast,FALSE
Joanne Harris,The Famished Road,FALSE
Joanne Harris,Kafka on the Shore,FALSE
Joanne Harris,Small Island,FALSE
Sarah Waters,Blindness,FALSE
Sarah Waters,Memento Mori,FALSE
Amit Chaudhuri,The Enigma of Arrival,FALSE
Amit Chaudhuri,A Portrait of the Artist as a Young Man,FALSE
Amit Chaudhuri,Swami and Friends,FALSE
Amit Chaudhuri,Pather Panchali,FALSE
Amit Chaudhuri,Samskara,FALSE
Amit Chaudhuri,Sport and a Pastime,FALSE
Amit Chaudhuri,The Moviegoer,FALSE
Amit Chaudhuri,The Sportswriter,FALSE
Ian Patterson,Molloy,FALSE
Ian Patterson,Caught,FALSE
Ian Patterson,The Spiral Ascent,FALSE
Ian Patterson,Elders and Betters,FALSE
Ian Patterson,The Death of the Heart,FALSE
Beejay Silcox,Praiseworthy,FALSE
Beejay Silcox,The Hitch Hiker's Guide to the Galaxy,FALSE
Beejay Silcox,The Stand,FALSE
Beejay Silcox,Piranesi,FALSE
Beejay Silcox,Parable of the Sower,FALSE
Christobel Kent,The House of Mirth,FALSE
Christobel Kent,The Betrothed,FALSE
Christobel Kent,"Rabbit, Run",FALSE
Christobel Kent,The Birthday Boys,FALSE
Charlotte Mendelson,A Place of Greater Safety,FALSE
Charlotte Mendelson,Villette,FALSE
Charlotte Mendelson,Sense and Sensibility,FALSE
Charlotte Mendelson,The Haunting of Hill House,FALSE
Olivia Laing,The Garden of the Finzi-Continis,FALSE
Olivia Laing,Robinson Crusoe,FALSE
Olivia Laing,The Girls of Slender Means,FALSE
Olivia Laing,Riddley Walker,FALSE
Julie Myerson,All That Is,FALSE
Julie Myerson,Fingersmith,FALSE
Julie Myerson,Felicia's Journey,FALSE
Julie Myerson,Strangers,FALSE
PD Smith,Berlin Alexanderplatz,FALSE
PD Smith,The Maltese Falcon,FALSE
PD Smith,The Big Sleep,FALSE
PD Smith,American Tabloid,FALSE
PD Smith,Titus Groan,FALSE
PD Smith,Smiley's People,FALSE
PD Smith,The Valley of Fear,FALSE
Sian Cain,The Mirror and the Light,FALSE
Sian Cain,The Collector,FALSE
Sian Cain,Praiseworthy,FALSE
Sian Cain,The Secret History,FALSE
Daniel Kehlmann,The Radetzky March,FALSE
Daniel Kehlmann,Sorrows of Young Werther,FALSE
Daniel Kehlmann,Elective Affinities,FALSE
Daniel Kehlmann,The Idiot,FALSE
Daniel Kehlmann,Simplicissimus,FALSE
William Boyd,Scoop,FALSE
William Boyd,Mill on the Floss,FALSE
Siri Hustvedt,The Scarlet Letter,FALSE
Siri Hustvedt,Waiting for the Barbarians,FALSE
Joshua Cohen,The Adventures of Oliver Twist,FALSE
Joshua Cohen,Trilby,FALSE
Joshua Cohen,Roxana,FALSE
Joshua Cohen,The Monk,FALSE
Joshua Cohen,Parade's End,FALSE
Joshua Cohen,The Way We Live Now,FALSE
Joshua Cohen,Vile Bodies,FALSE
Joshua Cohen,Point Counter Point,FALSE
Joshua Cohen,Stamboul Train,FALSE
Geoff Dyer,Lonesome Dove,FALSE
Geoff Dyer,The Names,FALSE
Geoff Dyer,Voyage in the Dark,FALSE
Geoff Dyer,On the Road,FALSE
Adam Roberts,The Lord of the Rings,FALSE
Adam Roberts,Earthsea,FALSE
Adam Roberts,Pnin,FALSE
Adam Roberts,The Heart of Midlothian,FALSE
Adam Roberts,The War of the Worlds,FALSE
Adam Roberts,The Inverted World,FALSE
Candice Carty Williams,Citizen,FALSE
Candice Carty Williams,Bridget Jones's Diary,FALSE
Candice Carty Williams,Nightcrawling,FALSE
Candice Carty Williams,Where We Come From,FALSE
Candice Carty Williams,Poor,FALSE
Candice Carty Williams,Noughts & Crosses,FALSE
Candice Carty Williams,Sister Outsider,FALSE
M. John Harrison,House on the Borderland,FALSE
M. John Harrison,"Good Morning, Midnight",FALSE
M. John Harrison,The Journal of Albion Moonlight,FALSE
M. John Harrison,The Spider's House,FALSE
M. John Harrison,Who Was Changed and Who Was Dead,FALSE
M. John Harrison,The Unicorn,FALSE
M. John Harrison,Europe After the Rain,FALSE
M. John Harrison,After Sappho,FALSE
Yagnishsing Dawoor,Waiting for the Barbarians,FALSE
Yagnishsing Dawoor,Paradise,FALSE
Yagnishsing Dawoor,Septology,FALSE
Lorrie Moore,A Flag for Sunrise,FALSE
Lorrie Moore,Light in August,FALSE
Lorrie Moore,Lives of Girls and Women,FALSE
Lorrie Moore,The Child in Time,FALSE
Lorrie Moore,The Decameron of Boccaccio,FALSE
Lorrie Moore,Washington Square,FALSE
Michael Chabon,Love in the Time of Cholera,FALSE
Michael Chabon,Gravity's Rainbow,FALSE
Michael Chabon,"So Long, See You Tomorrow",FALSE
Michael Chabon,The Lord of the Rings,FALSE
Michael Chabon,Aubrey-Maturin Series,FALSE
Jacqueline Rose,Daniel Deronda,FALSE
Jacqueline Rose,A Girl Is a Half-Formed Thing,FALSE
Jacqueline Rose,Milkman,FALSE
Jacqueline Rose,A Question of Power,FALSE
Yiyun Li,The Story of Lucy Gault,FALSE
Lucas Rijneveld,Slaughterhouse-Five,FALSE
Lucas Rijneveld,Grief Is the Thing With Feathers,FALSE
Lucas Rijneveld,The Hobbit,FALSE
Lucas Rijneveld,Drive Your Plow Over the Bones of the Dead,FALSE
Lucas Rijneveld,The Fall of the House of Usher,FALSE
Lucas Rijneveld,Emily Wilde's Encyclopaedia of Faeries,FALSE
Lucas Rijneveld,Bear,FALSE
Lucas Rijneveld,On Earth We're Briefly Gorgeous,FALSE
Colum McCann,Proxopera,FALSE
Colum McCann,At Swim-Two-Birds,FALSE
Colum McCann,Coming Through Slaughter,FALSE
Colum McCann,The Grapes of Wrath,FALSE
Colum McCann,A Room of One's Own,FALSE
Jeet Thayil,Rig Veda,FALSE
Jeet Thayil,The Divine Comedy,FALSE
Jeet Thayil,2666,FALSE
Jeet Thayil,All About H. Hatterr,FALSE
Jeet Thayil,Silent Spring,FALSE
Derek Owusu,The Real Life of Sebastian Knight,FALSE
Derek Owusu,The Grass Is Singing,FALSE
Derek Owusu,The Coming Bad Days,FALSE
Derek Owusu,Kafka on the Shore,FALSE
Douglas Stuart,A Kestrel for a Knave,FALSE
Douglas Stuart,Trainspotting,FALSE
Douglas Stuart,"How Late It Was, How Late",FALSE
Joe Dunthorne,White Noise,FALSE
Joe Dunthorne,Two Serious Ladies,FALSE
Joe Dunthorne,True History of the Kelly Gang,FALSE
Joe Dunthorne,The Third Policeman,FALSE
Sarah Bakewell,Alice's Adventures in Wonderland,FALSE
Sarah Bakewell,The Gormenghast Novels,FALSE
Kate Mosse,Sleeping Murder,FALSE
Kate Mosse,Demon Copperhead,FALSE
Kate Mosse,The Tale of Genji,FALSE
Kate Mosse,The Street,FALSE
Kate Mosse,The Amazing Mr Blunden,FALSE
Kate Mosse,The Pilgrim's Progress,FALSE
Philippe Sands,Soldiers of Salamis,FALSE
Philippe Sands,Human Acts,FALSE
Philippe Sands,By Night in Chile,FALSE
Philippe Sands,Commonwealth,FALSE
Philippe Sands,The Man Who Planted Trees,FALSE
Philippe Sands,Afterlives,FALSE
Katherine Rundell,Gilead,FALSE
Katherine Rundell,Alice's Adventures in Wonderland,FALSE
Katherine Rundell,Moominland Midwinter,FALSE
Katherine Rundell,The Count of Monte Cristo,FALSE
Natasha Walter,The Years,FALSE
Natasha Walter,All Our Yesterdays,FALSE
Natasha Walter,Sons and Lovers,FALSE
Kevin Power,Money,FALSE
Kevin Power,The Corrections,FALSE
Kevin Power,Herzog,FALSE
Kathryn Hughes,Cranford,FALSE
Kathryn Hughes,Brideshead Revisited,FALSE
Kathryn Hughes,Flaubert's Parrot,FALSE
Maya Jasanoff,The Adventures of Augie March,FALSE
Maya Jasanoff,A Suitable Boy,FALSE
Sukhdev Sandhu,Three Men in a Boat,FALSE
Sukhdev Sandhu,Berlin Alexanderplatz,FALSE
Sukhdev Sandhu,Germinal,FALSE
Sukhdev Sandhu,Swami and Friends,FALSE
Sukhdev Sandhu,Too Loud a Solitude,FALSE
Sukhdev Sandhu,The Fish Can Sing,FALSE
Lisa Tuttle,The Tale of Genji,FALSE
David Diop,Black Boy,FALSE
David Diop,Memoirs of Hadrian,FALSE
David Diop,Seasons of Anomy,FALSE
David Diop,Allah Is Not Obliged,FALSE
David Diop,A River Called Time,FALSE
David Diop,Paradise,FALSE
David Diop,Crooked Plow,FALSE
David Diop,Tar Baby,FALSE
Sayaka Murata,The Stranger,FALSE
Sayaka Murata,Record of a Night Too Brief,FALSE
Sayaka Murata,No Longer Human,FALSE
Sayaka Murata,The Memory Police,FALSE
Sayaka Murata,Ice,FALSE
Sayaka Murata,Confessions of a Mask,FALSE
Sayaka Murata,Scattered All Over the Earth,FALSE
Adam Thirlwell,I Served the King of England,FALSE
Adam Thirlwell,The Autobiography of Alice B. Toklas,FALSE
Adam Thirlwell,"Life, a User's Manual",FALSE
Adam Thirlwell,Chéri,FALSE
Melissa Broder,Ivan Ilyitch,FALSE
Melissa Broder,Woodcutters,FALSE
Melissa Broder,Death in Venice,FALSE
Melissa Broder,The Passion According to G.h.,FALSE
Melissa Broder,Portnoy's Complaint,FALSE
Jack Edwards,Sula,FALSE
Jack Edwards,A Little Life,FALSE
Jack Edwards,The Picture of Dorian Gray,FALSE
Jack Edwards,Martyr!,FALSE
Elif Shafak,The Bell Jar,FALSE
Elif Shafak,The Name of the Rose,FALSE
Maya Jaggi,A Portrait of the Artist as a Young Man,FALSE
Maya Jaggi,The Tin Drum,FALSE
Maya Jaggi,In the Skin of a Lion,FALSE
Maya Jaggi,Maps,FALSE
Maya Jaggi,A Mind at Peace,FALSE
Maya Jaggi,On the Edge of Reason,FALSE
Maya Jaggi,The Dew Breaker,FALSE
Maya Jaggi,Eighth Life,FALSE
Matt Haig,The Outsiders,FALSE
Matt Haig,The Power and the Glory,FALSE
Matt Haig,Things We Lost in the Fire,FALSE
Matt Haig,The Hitch Hiker's Guide to the Galaxy,FALSE
Matt Haig,Siddhartha,FALSE
Matt Haig,The Count of Monte Cristo,FALSE
Rebecca Liu,Notes From the Underground,FALSE
Rebecca Liu,The Lonely Londoners,FALSE
Rebecca Liu,Infinite Jest,FALSE
Rebecca Liu,Golden Age,FALSE
Rebecca Liu,The Dispossessed,FALSE
Rebecca Liu,The Stranger,FALSE
Sinéad Gleeson,"Lolly Willowes, Or, the Loving Huntsman",FALSE
Sinéad Gleeson,Who Will Run the Frog Hospital?,FALSE
Sinéad Gleeson,The Lover,FALSE
Sinéad Gleeson,Amongst Women,FALSE
Sinéad Gleeson,Hotel Du Lac,FALSE
Ahdaf Soueif,A Sentimental Journey,FALSE
Ahdaf Soueif,Sudden Death,FALSE
Ahdaf Soueif,The Catcher in the Rye,FALSE
Richard Osman,A Month in the Country,FALSE
Richard Osman,Lonesome Dove,FALSE
Richard Osman,Towards the End of the Morning,FALSE
Richard Osman,Life After Life,FALSE
Richard Osman,The Goldfinch,FALSE
Richard Osman,A Far Cry From Kensington,FALSE
Valeria Luiselli,The Tartar Steppe,FALSE
Valeria Luiselli,Confessions of Zeno,FALSE
Valeria Luiselli,Cartucho,FALSE
Valeria Luiselli,The Empty Book,FALSE
Guy Gunaratne,Murphy,FALSE
Guy Gunaratne,As I Lay Dying,FALSE
Guy Gunaratne,The Adventures of Augie March,FALSE
Guy Gunaratne,The Years,FALSE
Laura Wilson,Clarissa Harlowe,FALSE
Laura Wilson,Alice in Wonderland,FALSE
Laura Wilson,Charlotte's Web,FALSE
Laura Wilson,All Quiet on the Western Front,FALSE
Laura Wilson,The Grapes of Wrath,FALSE
Claire Messud,The Blue Flower,FALSE
Claire Messud,Underworld,FALSE
Colm Tóibín,The Sun Also Rises,FALSE
Uzma Aslam Khan,Memory of Fire,FALSE
Uzma Aslam Khan,The Moor's Account,FALSE
Uzma Aslam Khan,The English Patient,FALSE
Uzma Aslam Khan,Slave Old Man,FALSE
Uzma Aslam Khan,Ceremony,FALSE
Uzma Aslam Khan,Minor Detail,FALSE
Uzma Aslam Khan,A Room of One's Own,FALSE
Parinoush Saniee,Savushun,FALSE
Parinoush Saniee,Animal Farm,FALSE
Parinoush Saniee,The Alchemist,FALSE
Parinoush Saniee,Siddhartha,FALSE
Parinoush Saniee,The Blind Owl,FALSE
Ali Smith,Loitering With Intent,FALSE
Ali Smith,Invitation to a Beheading,FALSE
Ali Smith,After Midnight,FALSE
Ali Smith,Lanark,FALSE
Ali Smith,Michael Kohlhaas,FALSE
Ali Smith,The Summer Book,FALSE
Catherine Taylor,A Model Childhood,FALSE
Catherine Taylor,The Makioka Sisters,FALSE
Catherine Taylor,All Our Yesterdays,FALSE
Catherine Taylor,The Secret Agent,FALSE
Catherine Taylor,Villette,FALSE
Chigozie Obioma,Hunger,FALSE
Chigozie Obioma,Arrow of God,FALSE
Chigozie Obioma,"Cry, the Beloved Country",FALSE
Chigozie Obioma,Season of Migration to the North,FALSE
Chigozie Obioma,The Pilgrim's Progress,FALSE
Chigozie Obioma,All Quiet on the Western Front,FALSE
Chigozie Obioma,Thirst for Love,FALSE
Ben Markovits,The Scarlet Letter,FALSE
Ben Markovits,Pnin,FALSE
Ben Markovits,Cranford,FALSE
Ben Markovits,Rabbit Is Rich,FALSE
Ben Markovits,Seize the Day,FALSE
Sophie Mackintosh,Light Years,FALSE
Sophie Mackintosh,The Piano Teacher,FALSE
Sophie Mackintosh,Heart so White,FALSE
Sophie Mackintosh,The Magic Toyshop,FALSE
Sophie Mackintosh,Morvern Callar,FALSE
Alex Needham,Hurricane Season,FALSE
Alex Needham,A Rabbit Omnibus,FALSE
Alex Needham,Senseless,FALSE
Tessa Hadley,A Guest of Honour,FALSE
Tessa Hadley,Parade's End,FALSE
Tessa Hadley,The Ambassadors,FALSE
Tessa Hadley,The Death of the Heart,FALSE
Jennifer Egan,"Clarissa, Or, the History of a Young Lady",FALSE
Jennifer Egan,Underworld,FALSE
Jennifer Egan,Barchester Towers,FALSE
Jennifer Egan,The House of Mirth,FALSE
Xan Brooks,Cannery Row,FALSE
Xan Brooks,A New Life,FALSE
Xan Brooks,A Wizard of Earthsea,FALSE
Nina Stibbe,"Ducks, Newburyport",FALSE
Nina Stibbe,The Country Girls,FALSE
Nina Stibbe,Cannery Row,FALSE
Nina Stibbe,Money,FALSE
Nina Stibbe,"The Fortnight in September,",FALSE
Nina Stibbe,The Code of the Woosters,FALSE
Samantha Harvey,The Siege of Krishnapur,FALSE
Samantha Harvey,Silas Marner,FALSE
Samantha Harvey,Tess of the D'urbervilles,FALSE
Samantha Harvey,Home,FALSE
Samantha Harvey,All the Names,FALSE
Samantha Harvey,The Power and the Glory,FALSE
Samantha Harvey,The Hunchback of Notre-Dame,FALSE
Samantha Harvey,Restoration,FALSE
Charlotte Higgins,Villette,FALSE
Charlotte Higgins,The 39 Steps,FALSE
Justine Jordan,Samuel Beckett Trilogy Molloy; Malone Dies; the Unnamable,FALSE
Kieran Goddard,Women in Love,FALSE
Kieran Goddard,Herzog,FALSE
Alex Clark,If on a Winter's Night a Traveller,FALSE
Alex Clark,A Bend in the River,FALSE
Alex Clark,Gilead,FALSE
Alex Clark,Still Life,FALSE
Susanna Rustin,The Girls of Slender Means,FALSE
Susanna Rustin,Klara and the Sun,FALSE
Sara Collins,The Poisonwood Bible,FALSE
Houman Barekat,Nostromo,FALSE
Houman Barekat,A Handful of Dust,FALSE
Houman Barekat,Humboldt's Gift,FALSE
Houman Barekat,The Loser,FALSE
Houman Barekat,The Black Prince,FALSE
Mark Haddon,Tongues I,FALSE
Mark Haddon,The Safekeep,FALSE
Mark Haddon,The Employees,FALSE
Mark Haddon,Septology,FALSE
Mark Haddon,Restoration,FALSE
Mark Haddon,Here,FALSE
Mark Haddon,Matrix,FALSE
Mark Haddon,The Maniac,FALSE
Stephen King,Light in August,FALSE
Stephen King,The Heart Is a Lonely Hunter,FALSE
Stephen King,The Satanic Verses,FALSE
Stephen King,Wise Blood,FALSE
Stephen King,Huckleberry Finn,FALSE
Stephen King,Nana,FALSE
Stephen King,McTeague,FALSE
Ian McEwan,The Plague,FALSE
Ian McEwan,Rabbit at Rest,FALSE
Stuart Kelly,House of Leaves,FALSE
Stuart Kelly,A Void,FALSE
Stuart Kelly,Textermination,FALSE
Stuart Kelly,Loitering With Intent,FALSE
Stuart Kelly,Cloud Atlas,FALSE
Stuart Kelly,The City & the City,FALSE
Dinah Birch,Barchester Towers,FALSE
Dinah Birch,Huckleberry Finn,FALSE
Dinah Birch,Northern Lights,FALSE
Alain Mabanckou,Palm-Wine Drinkard,FALSE
Alain Mabanckou,Too Loud a Solitude,FALSE
Alain Mabanckou,The Name of the Rose,FALSE
Alain Mabanckou,The Tartar Steppe,FALSE
Alain Mabanckou,If This Is a Man / the Truce,FALSE
Alain Mabanckou,On the Road,FALSE
Alain Mabanckou,The Catcher in the Rye,FALSE
Tahmima Anam,Sultana's Dream,FALSE
David Nicholls,Sula,FALSE
Marcel Theroux,Gulliver's Travels,FALSE
Marcel Theroux,Kim,FALSE
Natalie Haynes,The Memory Police,FALSE
Natalie Haynes,Mussel Feast,FALSE
Natalie Haynes,A Visit From the Goon Squad,FALSE
Natalie Haynes,Overstory,FALSE
Natalie Haynes,The Dark Is Rising,FALSE
Natalie Haynes,The Luminaries,FALSE
Natalie Haynes,The Green Road,FALSE
Natalie Haynes,How to Be Both,FALSE
Natalie Haynes,The Noise of Time,FALSE
Natalie Haynes,Tale for the Time Being,FALSE
Diana Evans,The House of the Spirits,FALSE
Diana Evans,Middlesex,FALSE
Diana Evans,The Emperor's Babe,FALSE
Diana Evans,Another Country,FALSE
Maaza Mengiste,The Book of Daniel,FALSE
Maaza Mengiste,Afterlives,FALSE
Maaza Mengiste,Visitation,FALSE
Maaza Mengiste,Human Acts,FALSE
Sarah Crown,To Kill a Mockingbird,FALSE
Sarah Crown,The Book of Daniel,FALSE
Sarah Crown,Possession,FALSE
Sarah Crown,Grey King,FALSE
Sarah Crown,American Pastoral,FALSE
Sarah Crown,Under Milk Wood,FALSE
Sarah Crown,East of Eden,FALSE
Sarah Crown,Danny the Champion of the World,FALSE
Alexandra Harris,The Mirror and the Light,FALSE
Alexandra Harris,How to Be Both,FALSE
Lisa Allardice,The Pursuit of Love,FALSE
Clare Clark,The Go-Between,FALSE
Ben Okri,La Princesse De Cleves,FALSE
Dorian Lynskey,U.s.a.,FALSE
Dorian Lynskey,Libra,FALSE
Dorian Lynskey,American Pastoral,FALSE
Dorian Lynskey,Station Eleven,FALSE
Arifa Akbar,Death in Venice,FALSE
Arifa Akbar,The Piano Teacher,FALSE
Arifa Akbar,Wise Children,FALSE
Arifa Akbar,American Pastoral,FALSE
Aida Edemariam,The Go-Between,FALSE
Aida Edemariam,If Beale Street Could Talk,FALSE
Aida Edemariam,Lives of Girls and Women,FALSE
Aida Edemariam,The Vagabond,FALSE
James Meek,The Busconductor Hines,FALSE
James Meek,Barchester Towers,FALSE
James Meek,Outline,FALSE
James Meek,The Death of the Heart,FALSE
David Shariatmadari,The Deptford Trilogy,FALSE
David Shariatmadari,Couples,FALSE
David Shariatmadari,The Bell,FALSE
David Shariatmadari,The Go-Between,FALSE
David Shariatmadari,A Visit From the Goon Squad,FALSE
David Shariatmadari,A Compass Error,FALSE
David Shariatmadari,Waterland,FALSE
David Shariatmadari,Tales of the City,FALSE
John Lanchester,Demons,FALSE
John Lanchester,"The Story of the Stone, or the Dream of the Red Chamber",FALSE
John Lanchester,A Dance to the Music of Time,FALSE
Jo Hamya,"Lolly Willowes, Or, the Loving Huntsman",FALSE
Jo Hamya,The Loneliness of Sonia and Sunny,FALSE
Jo Hamya,Transit,FALSE
Jo Hamya,The Millstone,FALSE
Jo Hamya,The Bloater,FALSE
Jo Hamya,Passing,FALSE
Tom Crewe,The Palliser Novels,FALSE
Tom Crewe,The Red and the Black,FALSE
Tom Crewe,Cousin Bette,FALSE
Tom Crewe,Miss Marjoribanks,FALSE
Tom Crewe,Les Misérables,FALSE
Tom Crewe,Pickwick Papers,FALSE
Tom Crewe,The Ambassadors,FALSE
Michael Donkor,A Passage to India,FALSE
Michael Donkor,Revolutionary Road,FALSE
Ella Creamer,The Road to the City,FALSE
Ella Creamer,In the Time of the Butterflies,FALSE
Ella Creamer,Outline,FALSE
Ella Creamer,Moderato Cantabile,FALSE
Ella Creamer,The Discomfort of Evening,FALSE
Liese Spencer,Normal People,FALSE
Liese Spencer,Riddley Walker,FALSE
Emma Loffhagen,Intermezzo,FALSE
RF Kuang,The Name of the Rose,FALSE
RF Kuang,Les Misérables,FALSE
RF Kuang,The Time of the Doves,FALSE
Elizabeth Day,The Bonfire of the Vanities,FALSE
Elizabeth Day,Gone Girl,FALSE
Elizabeth Day,Americanah,FALSE
Elizabeth Day,The Light Years,FALSE
Jem Calder,Suttree,FALSE
Jem Calder,The Easter Parade,FALSE
Jem Calder,The Corrections,FALSE
Jem Calder,Angel,FALSE
Jem Calder,Infinite Jest,FALSE
Jem Calder,The Tunnel,FALSE
Damian Barr,The Picture of Dorian Gray,FALSE
Damian Barr,A Boy's Own Story,FALSE
Damian Barr,The Trick Is to Keep Breathing,FALSE
Damian Barr,Suite Française,FALSE
Lily King,Independant People,FALSE
Saba Sams,Who Will Run the Frog Hospital?,FALSE
Saba Sams,Drive Your Plow Over the Bones of the Dead,FALSE
Saba Sams,The Heart Is a Lonely Hunter,FALSE
Saba Sams,Another Country,FALSE
Ian Rankin,The Strange Case of Dr. Jekyll and Mr. Hyde,FALSE
Ian Rankin,The Big Sleep,FALSE
Ian Rankin,A Dance to the Music of Time,FALSE
Ian Rankin,Money,FALSE
Ian Rankin,Lanark,FALSE
Ian Rankin,Life After Life,FALSE
Nussaibah Younis,The Song of Achilles,FALSE
Nussaibah Younis,"Detransition, Baby",FALSE
Nussaibah Younis,The Trees,FALSE
Nussaibah Younis,The Sellout,FALSE
Nussaibah Younis,Vernon Subutex 1,FALSE
Nussaibah Younis,Love Me Tender,FALSE
Nussaibah Younis,Big Swiss,FALSE
Nussaibah Younis,Mammoth,FALSE
Nussaibah Younis,A Long Way Down,FALSE
Nussaibah Younis,We All Want Impossible Things,FALSE
Florence Knapp,A Little Life,FALSE
Florence Knapp,Anne of Green Gables,FALSE
Florence Knapp,A Thousand Splendid Suns,FALSE
Florence Knapp,North and South,FALSE
Florence Knapp,The Safekeep,FALSE
Florence Knapp,Hamnet,FALSE
Florence Knapp,To Kill a Mockingbird,FALSE
Florence Knapp,Small Things Like These,FALSE
Florence Knapp,Wonder,FALSE
Lauren Elkin,Nightwood,FALSE
Lauren Elkin,The Years,FALSE
Lauren Elkin,"Life, a User's Manual",FALSE
Lauren Elkin,Germinal,FALSE
Lauren Elkin,Notre Dame De Paris,FALSE
Lauren Elkin,Heat of the Day,FALSE
Lauren Elkin,La Princesse De Cleves,FALSE
Naoise Dolan,The Dirty Dust,FALSE
Naoise Dolan,Arturo's Island,FALSE
Naoise Dolan,The Waiting Years,FALSE
Naoise Dolan,Lead Us Into Temptation,FALSE
Naoise Dolan,Of Love and Other Demons,FALSE
Doireann Ní Ghríofa,The Dirty Dust,FALSE
Doireann Ní Ghríofa,The Gathering,FALSE
Doireann Ní Ghríofa,Nora Webster,FALSE
Daisy Johnson,Miss Smilla's Feeling for Snow,FALSE
Daisy Johnson,The Shipping News,FALSE
Daisy Johnson,The Bone People,FALSE
Daisy Johnson,Women Talking,FALSE
Daisy Johnson,Watership Down,FALSE
Daisy Johnson,Territory of Light,FALSE
Daisy Johnson,Freshwater,FALSE
